{
	"credit": "Made with Blockbench by rozarke",
	"texture_size": [32, 32],
	"textures": {
		"0": "farmersdelight:block/brown_mushroom_colony",
		"particle": "farmersdelight:block/brown_mushroom_colony_stage3"
	},
	"elements": [
		{
			"from": [7, 2, 1],
			"to": [11, 4, 5],
			"faces": {
				"north": {"uv": [1, 4, 3, 5], "texture": "#0"},
				"east": {"uv": [1, 4, 3, 5], "texture": "#0"},
				"south": {"uv": [1, 4, 3, 5], "texture": "#0"},
				"west": {"uv": [1, 4, 3, 5], "texture": "#0"},
				"up": {"uv": [3, 3, 1, 1], "texture": "#0"},
				"down": {"uv": [7, 1, 5, 3], "texture": "#0"}
			}
		},
		{
			"from": [9, 6, 4],
			"to": [15, 8, 10],
			"faces": {
				"north": {"uv": [0.5, 4, 3.5, 5], "texture": "#0"},
				"east": {"uv": [0.5, 4, 3.5, 5], "texture": "#0"},
				"south": {"uv": [0.5, 4, 3.5, 5], "texture": "#0"},
				"west": {"uv": [0.5, 4, 3.5, 5], "texture": "#0"},
				"up": {"uv": [3.5, 3.5, 0.5, 0.5], "texture": "#0"},
				"down": {"uv": [7.5, 0.5, 4.5, 3.5], "texture": "#0"}
			}
		},
		{
			"from": [4, 10, 8],
			"to": [12, 12, 16],
			"faces": {
				"north": {"uv": [0, 4, 4, 5], "texture": "#0"},
				"east": {"uv": [0, 4, 4, 5], "texture": "#0"},
				"south": {"uv": [0, 4, 4, 5], "texture": "#0"},
				"west": {"uv": [0, 4, 4, 5], "texture": "#0"},
				"up": {"uv": [4, 4, 0, 0], "texture": "#0"},
				"down": {"uv": [8, 0, 4, 4], "texture": "#0"}
			}
		},
		{
			"from": [1, 14, 2],
			"to": [9, 16, 10],
			"faces": {
				"north": {"uv": [0, 4, 4, 5], "texture": "#0"},
				"east": {"uv": [0, 4, 4, 5], "texture": "#0"},
				"south": {"uv": [0, 4, 4, 5], "texture": "#0"},
				"west": {"uv": [0, 4, 4, 5], "texture": "#0"},
				"up": {"uv": [4, 4, 0, 0], "texture": "#0"},
				"down": {"uv": [8, 0, 4, 4], "texture": "#0"}
			}
		},
		{
			"from": [10, 3, 10],
			"to": [14, 5, 14],
			"faces": {
				"north": {"uv": [0.5, 4, 3.5, 5], "texture": "#0"},
				"east": {"uv": [0.5, 4, 3.5, 5], "texture": "#0"},
				"south": {"uv": [0.5, 4, 3.5, 5], "texture": "#0"},
				"west": {"uv": [0.5, 4, 3.5, 5], "texture": "#0"},
				"up": {"uv": [3, 3, 1, 1], "texture": "#0"},
				"down": {"uv": [7, 1, 5, 3], "texture": "#0"}
			}
		},
		{
			"from": [1, 4, 7],
			"to": [5, 6, 11],
			"faces": {
				"north": {"uv": [0.5, 4, 3.5, 5], "texture": "#0"},
				"east": {"uv": [0.5, 4, 3.5, 5], "texture": "#0"},
				"south": {"uv": [0.5, 4, 3.5, 5], "texture": "#0"},
				"west": {"uv": [0.5, 4, 3.5, 5], "texture": "#0"},
				"up": {"uv": [3.5, 3, 1, 1], "texture": "#0"},
				"down": {"uv": [7, 1, 5, 3], "texture": "#0"}
			}
		},
		{
			"from": [6, 0, 5],
			"to": [8, 6, 7],
			"faces": {
				"north": {"uv": [0, 7, 1, 10], "texture": "#0"},
				"east": {"uv": [0, 7, 1, 10], "texture": "#0"},
				"south": {"uv": [0, 7, 1, 10], "texture": "#0"},
				"west": {"uv": [0, 7, 1, 10], "texture": "#0"},
				"up": {"uv": [0, 5, 1, 6], "texture": "#0"},
				"down": {"uv": [1, 5, 2, 6], "texture": "#0"}
			}
		},
		{
			"from": [11, 0, 6],
			"to": [13, 6, 8],
			"faces": {
				"north": {"uv": [0, 5, 1, 8], "texture": "#0"},
				"east": {"uv": [0, 5, 1, 8], "texture": "#0"},
				"south": {"uv": [0, 5, 1, 8], "texture": "#0"},
				"west": {"uv": [0, 5, 1, 8], "texture": "#0"},
				"up": {"uv": [1, 6, 2, 7], "texture": "#0"},
				"down": {"uv": [1, 5, 2, 6], "texture": "#0"}
			}
		},
		{
			"from": [11, 0, 11],
			"to": [13, 3, 13],
			"faces": {
				"north": {"uv": [0, 5, 1, 6.5], "texture": "#0"},
				"east": {"uv": [0, 5, 1, 6.5], "texture": "#0"},
				"south": {"uv": [0, 5, 1, 6.5], "texture": "#0"},
				"west": {"uv": [0, 5, 1, 6.5], "texture": "#0"},
				"up": {"uv": [1, 6, 2, 7], "texture": "#0"},
				"down": {"uv": [1, 5, 2, 6], "texture": "#0"}
			}
		},
		{
			"from": [7, 2, 11],
			"to": [9, 10, 13],
			"faces": {
				"north": {"uv": [0, 5, 1, 9], "texture": "#0"},
				"east": {"uv": [0, 5, 1, 9], "texture": "#0"},
				"south": {"uv": [0, 5, 1, 9], "texture": "#0"},
				"west": {"uv": [0, 5, 1, 9], "texture": "#0"},
				"up": {"uv": [1, 6, 2, 7], "texture": "#0"},
				"down": {"uv": [1, 5, 2, 6], "texture": "#0"}
			}
		},
		{
			"from": [7, 0, 9],
			"to": [9, 4, 11],
			"faces": {
				"north": {"uv": [0, 5, 1, 7], "texture": "#0"},
				"east": {"uv": [0, 5, 1, 7], "texture": "#0"},
				"south": {"uv": [0, 5, 1, 7], "texture": "#0"},
				"west": {"uv": [0, 5, 1, 7], "texture": "#0"},
				"up": {"uv": [0, 5, 1, 6], "texture": "#0"},
				"down": {"uv": [1, 5, 2, 6], "texture": "#0"}
			}
		},
		{
			"from": [4, 4, 5],
			"to": [6, 15, 7],
			"faces": {
				"north": {"uv": [0, 5, 1, 10], "texture": "#0"},
				"east": {"uv": [0, 5, 1, 10], "texture": "#0"},
				"south": {"uv": [0, 5, 1, 10], "texture": "#0"},
				"west": {"uv": [0, 5, 1, 10], "texture": "#0"},
				"up": {"uv": [0, 5, 1, 6], "texture": "#0"},
				"down": {"uv": [1, 5, 2, 6], "texture": "#0"}
			}
		},
		{
			"from": [8, 0, 2],
			"to": [10, 2, 4],
			"faces": {
				"north": {"uv": [0, 5, 1, 6], "texture": "#0"},
				"east": {"uv": [0, 5, 1, 6], "texture": "#0"},
				"south": {"uv": [0, 5, 1, 6], "texture": "#0"},
				"west": {"uv": [0, 5, 1, 6], "texture": "#0"},
				"up": {"uv": [1, 6, 2, 7], "texture": "#0"},
				"down": {"uv": [1, 5, 2, 6], "texture": "#0"}
			}
		},
		{
			"from": [2, 0, 8],
			"to": [4, 4, 10],
			"faces": {
				"north": {"uv": [0, 5, 1, 7], "texture": "#0"},
				"east": {"uv": [0, 5, 1, 7], "texture": "#0"},
				"south": {"uv": [0, 5, 1, 7], "texture": "#0"},
				"west": {"uv": [0, 5, 1, 7], "texture": "#0"},
				"up": {"uv": [1, 6, 2, 7], "texture": "#0"},
				"down": {"uv": [1, 5, 2, 6], "texture": "#0"}
			}
		}
	],
	"groups": [
		{
			"name": "cap",
			"origin": [0, 0, 0],
			"color": 0,
			"nbt": "{}",
			"armAnimationEnabled": false,
			"children": [0, 1, 2, 3, 4, 5]
		},
		{
			"name": "stem",
			"origin": [0, 0, 0],
			"color": 0,
			"nbt": "{}",
			"armAnimationEnabled": false,
			"children": [6, 7, 8, 9, 10, 11, 12, 13]
		}
	]
}