{
	"credit": "Made with Blockbench by rozarke",
	"texture_size": [32, 32],
	"textures": {
		"0": "farmersdelight:block/brown_mushroom_colony",
		"particle": "farmersdelight:block/brown_mushroom_colony_stage3"
	},
	"elements": [
		{
			"from": [10, 3, 5],
			"to": [14, 5, 9],
			"faces": {
				"north": {"uv": [0.5, 4, 3.5, 5], "texture": "#0"},
				"east": {"uv": [0.5, 4, 3.5, 5], "texture": "#0"},
				"south": {"uv": [0.5, 4, 3.5, 5], "texture": "#0"},
				"west": {"uv": [0.5, 4, 3.5, 5], "texture": "#0"},
				"up": {"uv": [3.5, 3.5, 0.5, 0.5], "texture": "#0"},
				"down": {"uv": [7.5, 0.5, 4.5, 3.5], "texture": "#0"}
			}
		},
		{
			"from": [5, 5, 9],
			"to": [11, 7, 15],
			"faces": {
				"north": {"uv": [0.5, 4, 3.5, 5], "texture": "#0"},
				"east": {"uv": [0.5, 4, 3.5, 5], "texture": "#0"},
				"south": {"uv": [0.5, 4, 3.5, 5], "texture": "#0"},
				"west": {"uv": [0.5, 4, 3.5, 5], "texture": "#0"},
				"up": {"uv": [3.5, 3.5, 0.5, 0.5], "texture": "#0"},
				"down": {"uv": [7.5, 0.5, 4.5, 3.5], "texture": "#0"}
			}
		},
		{
			"from": [1, 8, 2],
			"to": [9, 10, 10],
			"faces": {
				"north": {"uv": [0, 4, 4, 5], "texture": "#0"},
				"east": {"uv": [0, 4, 4, 5], "texture": "#0"},
				"south": {"uv": [0, 4, 4, 5], "texture": "#0"},
				"west": {"uv": [0, 4, 4, 5], "texture": "#0"},
				"up": {"uv": [4, 4, 0, 0], "texture": "#0"},
				"down": {"uv": [8, 0, 4, 4], "texture": "#0"}
			}
		},
		{
			"from": [6, 0, 5],
			"to": [8, 3, 7],
			"faces": {
				"north": {"uv": [0, 6.5, 1, 8], "texture": "#0"},
				"east": {"uv": [0, 6.5, 1, 8], "texture": "#0"},
				"south": {"uv": [0, 6.5, 1, 8], "texture": "#0"},
				"west": {"uv": [0, 6.5, 1, 8], "texture": "#0"},
				"up": {"uv": [0, 5, 1, 6], "texture": "#0"},
				"down": {"uv": [1, 5, 2, 6], "texture": "#0"}
			}
		},
		{
			"from": [11, 0, 6],
			"to": [13, 3, 8],
			"faces": {
				"north": {"uv": [0, 5, 1, 6.5], "texture": "#0"},
				"east": {"uv": [0, 5, 1, 6.5], "texture": "#0"},
				"south": {"uv": [0, 5, 1, 6.5], "texture": "#0"},
				"west": {"uv": [0, 5, 1, 6.5], "texture": "#0"},
				"up": {"uv": [1, 6, 2, 7], "texture": "#0"},
				"down": {"uv": [1, 5, 2, 6], "texture": "#0"}
			}
		},
		{
			"from": [7, 1, 11],
			"to": [9, 5, 13],
			"faces": {
				"north": {"uv": [0, 5, 1, 7], "texture": "#0"},
				"east": {"uv": [0, 5, 1, 7], "texture": "#0"},
				"south": {"uv": [0, 5, 1, 7], "texture": "#0"},
				"west": {"uv": [0, 5, 1, 7], "texture": "#0"},
				"up": {"uv": [1, 6, 2, 7], "texture": "#0"},
				"down": {"uv": [1, 5, 2, 6], "texture": "#0"}
			}
		},
		{
			"from": [7, 0, 9],
			"to": [9, 3, 11],
			"faces": {
				"north": {"uv": [0, 5, 1, 6.5], "texture": "#0"},
				"east": {"uv": [0, 5, 1, 6.5], "texture": "#0"},
				"south": {"uv": [0, 5, 1, 6.5], "texture": "#0"},
				"west": {"uv": [0, 5, 1, 6.5], "texture": "#0"},
				"up": {"uv": [0, 5, 1, 6], "texture": "#0"},
				"down": {"uv": [1, 5, 2, 6], "texture": "#0"}
			}
		},
		{
			"from": [4, 1, 5],
			"to": [6, 8, 7],
			"faces": {
				"north": {"uv": [0, 5, 1, 8.5], "texture": "#0"},
				"east": {"uv": [0, 5, 1, 8.5], "texture": "#0"},
				"south": {"uv": [0, 5, 1, 8.5], "texture": "#0"},
				"west": {"uv": [0, 5, 1, 8.5], "texture": "#0"},
				"up": {"uv": [0, 5, 1, 6], "texture": "#0"},
				"down": {"uv": [1, 5, 2, 6], "texture": "#0"}
			}
		}
	],
	"groups": [
		{
			"name": "cap",
			"origin": [0, 0, 0],
			"color": 0,
			"nbt": "{}",
			"armAnimationEnabled": false,
			"children": [0, 1, 2]
		},
		{
			"name": "stem",
			"origin": [0, 0, 0],
			"color": 0,
			"nbt": "{}",
			"armAnimationEnabled": false,
			"children": [3, 4, 5, 6, 7]
		}
	]
}