{
	"credit": "Made with Blockbench by rozarke",
	"texture_size": [32, 32],
	"textures": {
		"0": "farmersdelight:block/brown_mushroom_colony",
		"particle": "farmersdelight:block/brown_mushroom_colony_stage3"
	},
	"elements": [
		{
			"from": [6, 3, 8],
			"to": [10, 5, 12],
			"faces": {
				"north": {"uv": [1, 4, 3, 5], "texture": "#0"},
				"east": {"uv": [1, 4, 3, 5], "texture": "#0"},
				"south": {"uv": [1, 4, 3, 5], "texture": "#0"},
				"west": {"uv": [0, 4, 3, 5], "texture": "#0"},
				"up": {"uv": [3, 3, 1, 1], "texture": "#0"},
				"down": {"uv": [8, 0, 4, 4], "texture": "#0"}
			}
		},
		{
			"from": [3, 6, 2],
			"to": [11, 8, 10],
			"faces": {
				"north": {"uv": [0, 4, 4, 5], "texture": "#0"},
				"east": {"uv": [0, 4, 4, 5], "texture": "#0"},
				"south": {"uv": [0, 4, 4, 5], "texture": "#0"},
				"west": {"uv": [0, 4, 4, 5], "texture": "#0"},
				"up": {"uv": [4, 4, 0, 0], "texture": "#0"},
				"down": {"uv": [8, 0, 4, 4], "texture": "#0"}
			}
		},
		{
			"from": [7, 0, 9],
			"to": [9, 3, 11],
			"faces": {
				"north": {"uv": [0, 5, 1, 7], "texture": "#0"},
				"east": {"uv": [0, 5, 1, 7], "texture": "#0"},
				"south": {"uv": [0, 5, 1, 7], "texture": "#0"},
				"west": {"uv": [0, 5, 1, 7], "texture": "#0"},
				"up": {"uv": [1, 6, 2, 7], "texture": "#0"},
				"down": {"uv": [1, 5, 2, 6], "texture": "#0"}
			}
		},
		{
			"from": [6, 0, 5],
			"to": [8, 6, 7],
			"faces": {
				"north": {"uv": [0, 5, 1, 8], "texture": "#0"},
				"east": {"uv": [0, 5, 1, 8], "texture": "#0"},
				"south": {"uv": [0, 5, 1, 8], "texture": "#0"},
				"west": {"uv": [0, 5, 1, 8], "texture": "#0"},
				"up": {"uv": [0, 5, 1, 6], "texture": "#0"},
				"down": {"uv": [1, 5, 2, 6], "texture": "#0"}
			}
		}
	],
	"groups": [
		{
			"name": "cap",
			"origin": [0, 0, 0],
			"color": 0,
			"nbt": "{}",
			"armAnimationEnabled": false,
			"children": [0, 1]
		},
		{
			"name": "stem",
			"origin": [0, 0, 0],
			"color": 0,
			"nbt": "{}",
			"armAnimationEnabled": false,
			"children": [2, 3]
		}
	]
}