{
	"credit": "Made with Blockbench by rozarke",
	"texture_size": [32, 32],
	"textures": {
		"0": "farmersdelight:block/red_mushroom_colony",
		"particle": "farmersdelight:block/red_mushroom_colony_stage3"
	},
	"elements": [
		{
			"from": [7, 0, 9],
			"to": [9, 6, 11],
			"faces": {
				"north": {"uv": [0, 4, 1, 7], "texture": "#0"},
				"east": {"uv": [0, 4, 1, 7], "texture": "#0"},
				"south": {"uv": [0, 4, 1, 7], "texture": "#0"},
				"west": {"uv": [0, 4, 1, 7], "texture": "#0"},
				"up": {"uv": [1, 4, 2, 5], "texture": "#0"},
				"down": {"uv": [1, 4, 2, 5], "texture": "#0"}
			}
		},
		{
			"from": [4, 6, 6],
			"to": [12, 8, 14],
			"faces": {
				"north": {"uv": [4, 4, 8, 5], "texture": "#0"},
				"east": {"uv": [4, 4, 8, 5], "texture": "#0"},
				"south": {"uv": [4, 4, 8, 5], "texture": "#0"},
				"west": {"uv": [4, 4, 8, 5], "texture": "#0"},
				"up": {"uv": [0, 0, 4, 4], "texture": "#0"},
				"down": {"uv": [4, 0, 8, 4], "texture": "#0"}
			}
		},
		{
			"from": [5, 8, 7],
			"to": [11, 10, 13],
			"faces": {
				"north": {"uv": [8, 3, 11, 4], "texture": "#0"},
				"east": {"uv": [8, 3, 11, 4], "texture": "#0"},
				"south": {"uv": [8, 3, 11, 4], "texture": "#0"},
				"west": {"uv": [8, 3, 11, 4], "texture": "#0"},
				"up": {"uv": [8, 0, 11, 3], "texture": "#0"},
				"down": {"uv": [0.5, 0.5, 3.5, 3.5], "texture": "#0"}
			}
		},
		{
			"from": [3, 0, 5],
			"to": [5, 2, 7],
			"faces": {
				"north": {"uv": [0, 4, 1, 5], "texture": "#0"},
				"east": {"uv": [0, 4, 1, 5], "texture": "#0"},
				"south": {"uv": [0, 4, 1, 5], "texture": "#0"},
				"west": {"uv": [0, 4, 1, 5], "texture": "#0"},
				"up": {"uv": [1, 4, 2, 5], "texture": "#0"},
				"down": {"uv": [1, 4, 2, 5], "texture": "#0"}
			}
		},
		{
			"from": [2, 2, 4],
			"to": [6, 4, 8],
			"rotation": {"angle": 0, "axis": "y", "origin": [11, 2, 13]},
			"faces": {
				"north": {"uv": [0, 12, 2, 13], "texture": "#0"},
				"east": {"uv": [0, 12, 2, 13], "texture": "#0"},
				"south": {"uv": [0, 12, 2, 13], "texture": "#0"},
				"west": {"uv": [0, 12, 2, 13], "texture": "#0"},
				"up": {"uv": [0, 10, 2, 12], "rotation": 270, "texture": "#0"},
				"down": {"uv": [2, 10, 4, 12], "rotation": 90, "texture": "#0"}
			}
		}
	]
}