{
	"credit": "Made with Blockbench by rozarke",
	"texture_size": [32, 32],
	"textures": {
		"0": "farmersdelight:block/red_mushroom_colony",
		"particle": "farmersdelight:block/red_mushroom_colony_stage3"
	},
	"elements": [
		{
			"from": [7, 0, 9],
			"to": [9, 12, 11],
			"faces": {
				"north": {"uv": [0, 4, 1, 10], "texture": "#0"},
				"east": {"uv": [0, 4, 1, 10], "texture": "#0"},
				"south": {"uv": [0, 4, 1, 10], "texture": "#0"},
				"west": {"uv": [0, 4, 1, 10], "texture": "#0"},
				"up": {"uv": [1, 4, 2, 5], "texture": "#0"},
				"down": {"uv": [1, 4, 2, 5], "texture": "#0"}
			}
		},
		{
			"from": [3, 12, 5],
			"to": [13, 14, 15],
			"faces": {
				"north": {"uv": [4, 11, 9, 12], "texture": "#0"},
				"east": {"uv": [4, 11, 9, 12], "texture": "#0"},
				"south": {"uv": [4, 11, 9, 12], "texture": "#0"},
				"west": {"uv": [4, 11, 9, 12], "texture": "#0"},
				"up": {"uv": [4, 6, 9, 11], "texture": "#0"},
				"down": {"uv": [9, 6, 14, 11], "texture": "#0"}
			}
		},
		{
			"from": [4, 14, 6],
			"to": [12, 16, 14],
			"faces": {
				"north": {"uv": [4.5, 12, 8.5, 13], "texture": "#0"},
				"east": {"uv": [4.5, 12, 8.5, 13], "texture": "#0"},
				"south": {"uv": [4.5, 12, 8.5, 13], "texture": "#0"},
				"west": {"uv": [4.5, 12, 8.5, 13], "texture": "#0"},
				"up": {"uv": [8.5, 6.5, 4.5, 10.5], "texture": "#0"},
				"down": {"uv": [4.5, 6.5, 8.5, 10.5], "texture": "#0"}
			}
		},
		{
			"from": [3, 0, 4],
			"to": [5, 7, 6],
			"faces": {
				"north": {"uv": [0, 4, 1, 7.5], "texture": "#0"},
				"east": {"uv": [0, 4, 1, 7.5], "texture": "#0"},
				"south": {"uv": [0, 4, 1, 7.5], "texture": "#0"},
				"west": {"uv": [0, 4, 1, 7.5], "texture": "#0"},
				"up": {"uv": [1, 4, 2, 5], "texture": "#0"},
				"down": {"uv": [1, 4, 2, 5], "texture": "#0"}
			}
		},
		{
			"from": [0, 7, 1],
			"to": [8, 9, 9],
			"faces": {
				"north": {"uv": [4, 4, 8, 5], "texture": "#0"},
				"east": {"uv": [4, 4, 8, 5], "texture": "#0"},
				"south": {"uv": [4, 4, 8, 5], "texture": "#0"},
				"west": {"uv": [4, 4, 8, 5], "texture": "#0"},
				"up": {"uv": [0, 0, 4, 4], "texture": "#0"},
				"down": {"uv": [4, 0, 8, 4], "texture": "#0"}
			}
		},
		{
			"from": [1, 9, 2],
			"to": [7, 11, 8],
			"faces": {
				"north": {"uv": [8, 3, 11, 4], "texture": "#0"},
				"east": {"uv": [8, 3, 11, 4], "texture": "#0"},
				"south": {"uv": [8, 3, 11, 4], "texture": "#0"},
				"west": {"uv": [8, 3, 11, 4], "texture": "#0"},
				"up": {"uv": [8, 0, 11, 3], "texture": "#0"},
				"down": {"uv": [0.5, 0.5, 3.5, 3.5], "texture": "#0"}
			}
		},
		{
			"from": [0, 3, 9],
			"to": [6, 5, 15],
			"faces": {
				"north": {"uv": [5, 13, 8, 14], "texture": "#0"},
				"east": {"uv": [5, 13, 8, 14], "texture": "#0"},
				"south": {"uv": [5, 13, 8, 14], "texture": "#0"},
				"west": {"uv": [5, 13, 8, 14], "texture": "#0"},
				"up": {"uv": [9, 11, 12, 14], "texture": "#0"},
				"down": {"uv": [11, 0, 14, 3], "texture": "#0"}
			}
		},
		{
			"from": [11, 0, 5],
			"to": [13, 4, 7],
			"faces": {
				"north": {"uv": [0, 4, 1, 6], "texture": "#0"},
				"east": {"uv": [0, 4, 1, 6], "texture": "#0"},
				"south": {"uv": [0, 4, 1, 6], "texture": "#0"},
				"west": {"uv": [0, 4, 1, 6], "texture": "#0"},
				"up": {"uv": [1, 4, 2, 5], "texture": "#0"},
				"down": {"uv": [1, 4, 2, 5], "texture": "#0"}
			}
		},
		{
			"from": [1, 5, 10],
			"to": [5, 7, 14],
			"faces": {
				"north": {"uv": [5.5, 14, 7.5, 15], "texture": "#0"},
				"east": {"uv": [5.5, 14, 7.5, 15], "texture": "#0"},
				"south": {"uv": [5.5, 14, 7.5, 15], "texture": "#0"},
				"west": {"uv": [5.5, 14, 7.5, 15], "texture": "#0"},
				"up": {"uv": [0, 13, 2, 15], "texture": "#0"},
				"down": {"uv": [0, 13, 2, 15], "texture": "#0"}
			}
		},
		{
			"from": [9, 4, 3],
			"to": [15, 6, 9],
			"faces": {
				"north": {"uv": [5, 13, 8, 14], "texture": "#0"},
				"east": {"uv": [5, 13, 8, 14], "texture": "#0"},
				"south": {"uv": [5, 13, 8, 14], "texture": "#0"},
				"west": {"uv": [5, 13, 8, 14], "texture": "#0"},
				"up": {"uv": [9, 11, 12, 14], "texture": "#0"},
				"down": {"uv": [11, 0, 14, 3], "texture": "#0"}
			}
		},
		{
			"from": [10, 6, 4],
			"to": [14, 8, 8],
			"faces": {
				"north": {"uv": [5.5, 14, 7.5, 15], "texture": "#0"},
				"east": {"uv": [5.5, 14, 7.5, 15], "texture": "#0"},
				"south": {"uv": [5.5, 14, 7.5, 15], "texture": "#0"},
				"west": {"uv": [5.5, 14, 7.5, 15], "texture": "#0"},
				"up": {"uv": [0, 15, 2, 13], "texture": "#0"},
				"down": {"uv": [0, 13, 2, 15], "texture": "#0"}
			}
		},
		{
			"from": [2, 0, 11],
			"to": [4, 3, 13],
			"faces": {
				"north": {"uv": [0, 4, 1, 5.5], "texture": "#0"},
				"east": {"uv": [0, 4, 1, 5.5], "texture": "#0"},
				"south": {"uv": [0, 4, 1, 5.5], "texture": "#0"},
				"west": {"uv": [0, 4, 1, 5.5], "texture": "#0"},
				"up": {"uv": [1, 4, 2, 5], "texture": "#0"},
				"down": {"uv": [1, 4, 2, 5], "texture": "#0"}
			}
		},
		{
			"from": [5, 2, 0],
			"to": [9, 4, 4],
			"faces": {
				"north": {"uv": [0, 12, 2, 13], "texture": "#0"},
				"east": {"uv": [0, 12, 2, 13], "texture": "#0"},
				"south": {"uv": [0, 12, 2, 13], "texture": "#0"},
				"west": {"uv": [0, 12, 2, 13], "texture": "#0"},
				"up": {"uv": [0, 10, 2, 12], "texture": "#0"},
				"down": {"uv": [2, 10, 4, 12], "texture": "#0"}
			}
		},
		{
			"from": [6, 0, 1],
			"to": [8, 2, 3],
			"faces": {
				"north": {"uv": [0, 4, 1, 5], "texture": "#0"},
				"east": {"uv": [0, 4, 1, 5], "texture": "#0"},
				"south": {"uv": [0, 4, 1, 5], "texture": "#0"},
				"west": {"uv": [0, 4, 1, 5], "texture": "#0"},
				"up": {"uv": [0, 4, 1, 5], "texture": "#0"},
				"down": {"uv": [1, 4, 2, 5], "texture": "#0"}
			}
		},
		{
			"from": [9, 2, 11],
			"to": [13, 4, 15],
			"rotation": {"angle": 0, "axis": "y", "origin": [11, 2, 13]},
			"faces": {
				"north": {"uv": [0, 12, 2, 13], "texture": "#0"},
				"east": {"uv": [0, 12, 2, 13], "texture": "#0"},
				"south": {"uv": [0, 12, 2, 13], "texture": "#0"},
				"west": {"uv": [0, 12, 2, 13], "texture": "#0"},
				"up": {"uv": [0, 10, 2, 12], "rotation": 270, "texture": "#0"},
				"down": {"uv": [2, 10, 4, 12], "rotation": 90, "texture": "#0"}
			}
		},
		{
			"from": [10, 0, 12],
			"to": [12, 2, 14],
			"faces": {
				"north": {"uv": [0, 4, 1, 5], "texture": "#0"},
				"east": {"uv": [0, 4, 1, 5], "texture": "#0"},
				"south": {"uv": [0, 4, 1, 5], "texture": "#0"},
				"west": {"uv": [0, 4, 1, 5], "texture": "#0"},
				"up": {"uv": [0, 4, 1, 5], "texture": "#0"},
				"down": {"uv": [1, 4, 2, 5], "texture": "#0"}
			}
		}
	]
}