{
	"credit": "Made with Blockbench by rozarke",
	"texture_size": [32, 32],
	"textures": {
		"0": "farmersdelight:block/red_mushroom_colony",
		"particle": "farmersdelight:block/red_mushroom_colony_stage3"
	},
	"elements": [
		{
			"from": [7, 0, 9],
			"to": [9, 8, 11],
			"faces": {
				"north": {"uv": [0, 4, 1, 8], "texture": "#0"},
				"east": {"uv": [0, 4, 1, 8], "texture": "#0"},
				"south": {"uv": [0, 4, 1, 8], "texture": "#0"},
				"west": {"uv": [0, 4, 1, 8], "texture": "#0"},
				"up": {"uv": [1, 4, 2, 5], "texture": "#0"},
				"down": {"uv": [1, 4, 2, 5], "texture": "#0"}
			}
		},
		{
			"from": [3, 0, 4],
			"to": [5, 4, 6],
			"faces": {
				"north": {"uv": [0, 4, 1, 6], "texture": "#0"},
				"east": {"uv": [0, 4, 1, 6], "texture": "#0"},
				"south": {"uv": [0, 4, 1, 6], "texture": "#0"},
				"west": {"uv": [0, 4, 1, 6], "texture": "#0"},
				"up": {"uv": [1, 4, 2, 5], "texture": "#0"},
				"down": {"uv": [1, 4, 2, 5], "texture": "#0"}
			}
		},
		{
			"from": [4, 8, 6],
			"to": [12, 10, 14],
			"faces": {
				"north": {"uv": [4, 4, 8, 5], "texture": "#0"},
				"east": {"uv": [4, 4, 8, 5], "texture": "#0"},
				"south": {"uv": [4, 4, 8, 5], "texture": "#0"},
				"west": {"uv": [4, 4, 8, 5], "texture": "#0"},
				"up": {"uv": [0, 0, 4, 4], "texture": "#0"},
				"down": {"uv": [4, 0, 8, 4], "texture": "#0"}
			}
		},
		{
			"from": [5, 10, 7],
			"to": [11, 12, 13],
			"faces": {
				"north": {"uv": [8, 3, 11, 4], "texture": "#0"},
				"east": {"uv": [8, 3, 11, 4], "texture": "#0"},
				"south": {"uv": [8, 3, 11, 4], "texture": "#0"},
				"west": {"uv": [8, 3, 11, 4], "texture": "#0"},
				"up": {"uv": [8, 0, 11, 3], "texture": "#0"},
				"down": {"uv": [0.5, 0.5, 3.5, 3.5], "texture": "#0"}
			}
		},
		{
			"from": [11, 0, 5],
			"to": [13, 3, 7],
			"faces": {
				"north": {"uv": [0, 4, 1, 5.5], "texture": "#0"},
				"east": {"uv": [0, 4, 1, 5.5], "texture": "#0"},
				"south": {"uv": [0, 4, 1, 5.5], "texture": "#0"},
				"west": {"uv": [0, 4, 1, 5.5], "texture": "#0"},
				"up": {"uv": [1, 4, 2, 5], "texture": "#0"},
				"down": {"uv": [1, 4, 2, 5], "texture": "#0"}
			}
		},
		{
			"from": [1, 4, 2],
			"to": [7, 6, 8],
			"faces": {
				"north": {"uv": [5, 13, 8, 14], "texture": "#0"},
				"east": {"uv": [5, 13, 8, 14], "texture": "#0"},
				"south": {"uv": [5, 13, 8, 14], "texture": "#0"},
				"west": {"uv": [5, 13, 8, 14], "texture": "#0"},
				"up": {"uv": [9, 11, 12, 14], "texture": "#0"},
				"down": {"uv": [11, 0, 14, 3], "texture": "#0"}
			}
		},
		{
			"from": [2, 6, 3],
			"to": [6, 8, 7],
			"faces": {
				"north": {"uv": [5.5, 14, 7.5, 15], "texture": "#0"},
				"east": {"uv": [5.5, 14, 7.5, 15], "texture": "#0"},
				"south": {"uv": [5.5, 14, 7.5, 15], "texture": "#0"},
				"west": {"uv": [5.5, 14, 7.5, 15], "texture": "#0"},
				"up": {"uv": [0, 15, 2, 13], "texture": "#0"},
				"down": {"uv": [0, 13, 2, 15], "texture": "#0"}
			}
		},
		{
			"from": [10, 3, 4],
			"to": [14, 5, 8],
			"rotation": {"angle": 0, "axis": "y", "origin": [11, 2, 13]},
			"faces": {
				"north": {"uv": [0, 12, 2, 13], "texture": "#0"},
				"east": {"uv": [0, 12, 2, 13], "texture": "#0"},
				"south": {"uv": [0, 12, 2, 13], "texture": "#0"},
				"west": {"uv": [0, 12, 2, 13], "texture": "#0"},
				"up": {"uv": [0, 10, 2, 12], "rotation": 270, "texture": "#0"},
				"down": {"uv": [2, 10, 4, 12], "rotation": 90, "texture": "#0"}
			}
		}
	]
}