{
	"credit": "Made with Blockbench",
	"ambientocclusion": false,
	"textures": {
		"1": "block/soul_smoke_0",
		"2": "block/soul_smoke_2",
		"particle": "#fire"
	},
	"elements": [
		{
			"from": [0, 0, 8.8],
			"to": [16, 22.4, 8.8],
			"shade": false,
			"rotation": {"angle": -22.5, "axis": "x", "origin": [8, 8, 8], "rescale": true},
			"faces": {
				"south": {"uv": [0, 0, 16, 16], "texture": "#fire"}
			}
		},
		{
			"from": [0, 0, 7.2],
			"to": [16, 22.4, 7.2],
			"shade": false,
			"rotation": {"angle": 22.5, "axis": "x", "origin": [8, 8, 8], "rescale": true},
			"faces": {
				"north": {"uv": [0, 0, 16, 16], "texture": "#fire"}
			}
		},
		{
			"from": [8.8, 0, 0],
			"to": [8.8, 22.4, 16],
			"shade": false,
			"rotation": {"angle": -22.5, "axis": "z", "origin": [8, 8, 8], "rescale": true},
			"faces": {
				"west": {"uv": [0, 0, 16, 16], "texture": "#fire"}
			}
		},
		{
			"from": [7.2, 0, 0],
			"to": [7.2, 22.4, 16],
			"shade": false,
			"rotation": {"angle": 22.5, "axis": "z", "origin": [8, 8, 8], "rescale": true},
			"faces": {
				"east": {"uv": [0, 0, 16, 16], "texture": "#fire"}
			}
		},
		{
			"from": [5, 24, 7],
			"to": [5, 32, 15],
			"rotation": {"angle": 45, "axis": "y", "origin": [5, 24, 11]},
			"faces": {
				"north": {"uv": [0, 0, 0, 8], "texture": "#1"},
				"east": {"uv": [0, 0, 16, 16], "texture": "#1"},
				"south": {"uv": [0, 0, 0, 8], "texture": "#1"},
				"west": {"uv": [0, 0, 16, 16], "texture": "#1"},
				"up": {"uv": [0, 0, 0, 8], "texture": "#1"},
				"down": {"uv": [0, 0, 0, 8], "texture": "#1"}
			}
		},
		{
			"from": [7, 24, 4.48528],
			"to": [15, 32, 4.48528],
			"rotation": {"angle": 45, "axis": "y", "origin": [11, 30, 5]},
			"faces": {
				"north": {"uv": [0, 0, 16, 16], "texture": "#2"},
				"east": {"uv": [0, 0, 0, 8], "texture": "#missing"},
				"south": {"uv": [0, 0, 16, 16], "texture": "#2"},
				"west": {"uv": [0, 0, 0, 8], "texture": "#missing"},
				"up": {"uv": [0, 0, 0, 8], "rotation": 270, "texture": "#missing"},
				"down": {"uv": [0, 0, 0, 8], "rotation": 90, "texture": "#missing"}
			}
		}
	]
}