{
	"credit": "Made with Blockbench",
	"textures": {
		"1": "block/soul_lantern_inside",
		"particle": "block/soul_lantern",
		"lantern": "block/soul_lantern"
	},
	"elements": [
		{
			"from": [6, 7, 6],
			"to": [10, 9, 10],
			"faces": {
				"north": {"uv": [1, 0, 5, 2], "texture": "#lantern"},
				"east": {"uv": [1, 0, 5, 2], "texture": "#lantern"},
				"south": {"uv": [1, 0, 5, 2], "texture": "#lantern"},
				"west": {"uv": [1, 0, 5, 2], "texture": "#lantern"},
				"up": {"uv": [1, 10, 5, 14], "texture": "#lantern"},
				"down": {"uv": [1, 10, 5, 14], "texture": "#lantern"}
			}
		},
		{
			"from": [6.5, 9, 8],
			"to": [9.5, 11, 8],
			"shade": false,
			"rotation": {"angle": 45, "axis": "y", "origin": [8, 8, 8]},
			"faces": {
				"north": {"uv": [14, 1, 11, 3], "texture": "#lantern"},
				"south": {"uv": [11, 1, 14, 3], "texture": "#lantern"}
			}
		},
		{
			"from": [8, 9, 6.5],
			"to": [8, 11, 9.5],
			"shade": false,
			"rotation": {"angle": 45, "axis": "y", "origin": [8, 8, 8]},
			"faces": {
				"east": {"uv": [11, 10, 14, 12], "texture": "#lantern"},
				"west": {"uv": [14, 10, 11, 12], "texture": "#lantern"}
			}
		},
		{
			"from": [5, 6, 5],
			"to": [11, 7, 11],
			"faces": {
				"north": {"uv": [0, 2, 6, 3], "texture": "#lantern"},
				"east": {"uv": [0, 2, 6, 3], "texture": "#lantern"},
				"south": {"uv": [0, 2, 6, 3], "texture": "#lantern"},
				"west": {"uv": [0, 2, 6, 3], "texture": "#lantern"},
				"up": {"uv": [0, 9, 6, 15], "texture": "#lantern"},
				"down": {"uv": [0, 9, 6, 15], "texture": "#lantern"}
			}
		},
		{
			"from": [5, 0, 5],
			"to": [11, 1, 11],
			"faces": {
				"north": {"uv": [0, 2, 6, 3], "texture": "#lantern"},
				"east": {"uv": [0, 2, 6, 3], "texture": "#lantern"},
				"south": {"uv": [0, 2, 6, 3], "texture": "#lantern"},
				"west": {"uv": [0, 2, 6, 3], "texture": "#lantern"},
				"up": {"uv": [0, 9, 6, 15], "texture": "#lantern"},
				"down": {"uv": [0, 9, 6, 15], "texture": "#lantern"}
			}
		},
		{
			"from": [6, 1, 11],
			"to": [10, 6, 11],
			"rotation": {"angle": 0, "axis": "y", "origin": [8, 1, 8]},
			"faces": {
				"north": {"uv": [11, 1, 7, 6], "texture": "#1"},
				"east": {"uv": [0, 0, 0, 5], "texture": "#1"},
				"south": {"uv": [7, 1, 11, 6], "texture": "#1"},
				"west": {"uv": [0, 0, 0, 5], "texture": "#1"},
				"up": {"uv": [0, 0, 0, 3.8], "rotation": 270, "texture": "#1"},
				"down": {"uv": [0, 0, 0, 3.8], "rotation": 90, "texture": "#1"}
			}
		},
		{
			"from": [6, 1, 10.9],
			"to": [10, 6, 10.9],
			"rotation": {"angle": 0, "axis": "y", "origin": [8, 1, 8]},
			"faces": {
				"east": {"uv": [0, 0, 0, 5], "texture": "#missing"},
				"south": {"uv": [1, 3, 5, 8], "texture": "#lantern"},
				"west": {"uv": [0, 0, 0, 5], "texture": "#missing"},
				"up": {"uv": [0, 0, 0, 3.8], "rotation": 270, "texture": "#missing"},
				"down": {"uv": [0, 0, 0, 3.8], "rotation": 90, "texture": "#missing"}
			}
		},
		{
			"from": [10, 1, 5],
			"to": [11, 6, 6],
			"faces": {
				"north": {"uv": [0, 3, 1, 8], "texture": "#lantern"},
				"east": {"uv": [5, 3, 6, 8], "texture": "#lantern"},
				"south": {"uv": [5, 3, 6, 8], "texture": "#lantern"},
				"west": {"uv": [5, 3, 6, 8], "texture": "#lantern"},
				"up": {"uv": [0, 0, 1, 1], "texture": "#lantern"},
				"down": {"uv": [0, 0, 1, 1], "texture": "#lantern"}
			}
		},
		{
			"from": [10, 1, 10],
			"to": [11, 6, 11],
			"faces": {
				"north": {"uv": [0, 3, 1, 8], "texture": "#lantern"},
				"east": {"uv": [5, 3, 6, 8], "texture": "#lantern"},
				"south": {"uv": [5, 3, 6, 8], "texture": "#lantern"},
				"west": {"uv": [5, 3, 6, 8], "texture": "#lantern"},
				"up": {"uv": [0, 0, 1, 1], "texture": "#lantern"},
				"down": {"uv": [0, 0, 1, 1], "texture": "#lantern"}
			}
		},
		{
			"from": [5, 1, 10],
			"to": [6, 6, 11],
			"faces": {
				"north": {"uv": [0, 3, 1, 8], "texture": "#lantern"},
				"east": {"uv": [5, 3, 6, 8], "texture": "#lantern"},
				"south": {"uv": [5, 3, 6, 8], "texture": "#lantern"},
				"west": {"uv": [5, 3, 6, 8], "texture": "#lantern"},
				"up": {"uv": [0, 0, 1, 1], "texture": "#lantern"},
				"down": {"uv": [0, 0, 1, 1], "texture": "#lantern"}
			}
		},
		{
			"from": [5, 1, 5],
			"to": [6, 6, 6],
			"faces": {
				"north": {"uv": [0, 3, 1, 8], "texture": "#lantern"},
				"east": {"uv": [5, 3, 6, 8], "texture": "#lantern"},
				"south": {"uv": [5, 3, 6, 8], "texture": "#lantern"},
				"west": {"uv": [5, 3, 6, 8], "texture": "#lantern"},
				"up": {"uv": [0, 0, 1, 1], "texture": "#lantern"},
				"down": {"uv": [0, 0, 1, 1], "texture": "#lantern"}
			}
		},
		{
			"from": [5, 1, 6],
			"to": [5, 6, 10],
			"faces": {
				"north": {"uv": [0, 0, 0, 5], "texture": "#1"},
				"east": {"uv": [5, 1, 1, 6], "texture": "#1"},
				"south": {"uv": [0, 0, 0, 5], "texture": "#1"},
				"west": {"uv": [1, 1, 5, 6], "texture": "#1"},
				"up": {"uv": [0, 0, 0, 3.8], "texture": "#1"},
				"down": {"uv": [0, 0, 0, 3.8], "texture": "#1"}
			}
		},
		{
			"from": [5.1, 1, 6],
			"to": [5.1, 6, 10],
			"faces": {
				"north": {"uv": [0, 0, 0, 5], "texture": "#missing"},
				"south": {"uv": [0, 0, 0, 5], "texture": "#missing"},
				"west": {"uv": [1, 3, 5, 8], "texture": "#lantern"},
				"up": {"uv": [0, 0, 0, 3.8], "texture": "#missing"},
				"down": {"uv": [0, 0, 0, 3.8], "texture": "#missing"}
			}
		},
		{
			"from": [11, 1, 6],
			"to": [11, 6, 10],
			"rotation": {"angle": 0, "axis": "y", "origin": [8, 1, 8]},
			"faces": {
				"north": {"uv": [0, 0, 0, 5], "texture": "#1"},
				"east": {"uv": [4, 8, 8, 13], "texture": "#1"},
				"south": {"uv": [0, 0, 0, 5], "texture": "#1"},
				"west": {"uv": [8, 8, 4, 13], "texture": "#1"},
				"up": {"uv": [0, 0, 0, 3.8], "rotation": 180, "texture": "#1"},
				"down": {"uv": [0, 0, 0, 3.8], "rotation": 180, "texture": "#1"}
			}
		},
		{
			"from": [10.9, 1, 6],
			"to": [10.9, 6, 10],
			"rotation": {"angle": 0, "axis": "y", "origin": [8, 1, 8]},
			"faces": {
				"north": {"uv": [0, 0, 0, 5], "texture": "#lantern"},
				"east": {"uv": [1, 3, 5, 8], "texture": "#lantern"},
				"south": {"uv": [0, 0, 0, 5], "texture": "#lantern"},
				"west": {"uv": [0, 0, 0, 0], "texture": "#lantern"},
				"up": {"uv": [0, 0, 0, 3.8], "rotation": 180, "texture": "#lantern"},
				"down": {"uv": [0, 0, 0, 3.8], "rotation": 180, "texture": "#lantern"}
			}
		},
		{
			"from": [6, 1, 5.1],
			"to": [10, 6, 5.1],
			"rotation": {"angle": 0, "axis": "y", "origin": [8, 1, 8]},
			"faces": {
				"north": {"uv": [1, 3, 5, 8], "texture": "#lantern"},
				"east": {"uv": [0, 0, 0, 5], "texture": "#missing"},
				"west": {"uv": [0, 0, 0, 5], "texture": "#missing"},
				"up": {"uv": [0, 0, 0, 3.8], "rotation": 90, "texture": "#missing"},
				"down": {"uv": [0, 0, 0, 3.8], "rotation": 270, "texture": "#missing"}
			}
		},
		{
			"from": [6, 1, 5],
			"to": [10, 6, 5],
			"rotation": {"angle": 0, "axis": "y", "origin": [8, 1, 8]},
			"faces": {
				"north": {"uv": [10, 8, 14, 13], "texture": "#1"},
				"east": {"uv": [0, 0, 0, 5], "texture": "#1"},
				"south": {"uv": [14, 8, 10, 13], "texture": "#1"},
				"west": {"uv": [0, 0, 0, 5], "texture": "#1"},
				"up": {"uv": [0, 0, 0, 3.8], "rotation": 90, "texture": "#1"},
				"down": {"uv": [0, 0, 0, 3.8], "rotation": 270, "texture": "#1"}
			}
		}
	],
	"groups": [
		0,
		1,
		2,
		3,
		4,
		{
			"name": "inside",
			"origin": [8, 8, 8],
			"color": 0,
			"nbt": "{}",
			"armAnimationEnabled": false,
			"children": [5, 6, 7, 8, 9, 10, 11, 12, 13, 14, 15, 16]
		}
	]
}