{
  "variants": {
    "facing=east": [
	  { "model": "minecraft:block/soul_wall_torch"  ,"weight": 25 },
	  { "model": "minecraft:block/soul_wall_torch_1","weight": 25 },
	  { "model": "minecraft:block/soul_wall_torch_2","weight": 25 },
	  { "model": "minecraft:block/soul_wall_torch_3","weight": 25 }
    ],
    "facing=north": [
	  { "model": "minecraft:block/soul_wall_torch"  ,"y": 270 ,"weight": 25 }, 
	  { "model": "minecraft:block/soul_wall_torch_1","y": 270 ,"weight": 25 },
	  { "model": "minecraft:block/soul_wall_torch_2","y": 270 ,"weight": 25 },
	  { "model": "minecraft:block/soul_wall_torch_3","y": 270 ,"weight": 25 }	  
    ],
    "facing=south": [
	  { "model": "minecraft:block/soul_wall_torch"  ,"y": 90  ,"weight": 25 },
	  { "model": "minecraft:block/soul_wall_torch_1","y": 90  ,"weight": 25 },
	  { "model": "minecraft:block/soul_wall_torch_2","y": 90  ,"weight": 25 },
	  { "model": "minecraft:block/soul_wall_torch_3","y": 90  ,"weight": 25 }	  
    ],
    "facing=west": [
	  { "model": "minecraft:block/soul_wall_torch"  ,"y": 180 ,"weight": 25 },
 	  { "model": "minecraft:block/soul_wall_torch_1","y": 180 ,"weight": 25 },
  	  { "model": "minecraft:block/soul_wall_torch_2","y": 180 ,"weight": 25 },
	  { "model": "minecraft:block/soul_wall_torch_3","y": 180 ,"weight": 25 }
    ]
  }
}