{
	"credit": "Made with Blockbench by rozarke",
	"parent": "minecraft:block/block",
	"texture_size": [32, 32],
	"textures": {
		"bushy_top": "block/bushy_leaves/flowering_azalea_bushy_top",
		"bushy_bottom": "block/bushy_leaves/flowering_azalea_bushy_bottom",
		"branch": "block/bushy_leaves/oak_branch",
		"particle": "block/flowering_azalea_leaves",
		"leaf": "block/flowering_azalea_leaves"
	},
	"elements": [
		{
			"from": [0, 0, 0],
			"to": [16, 16, 16],
			"faces": {
				"north": {"uv": [0, 0, 16, 16], "texture": "#leaf", "cullface": "north"},
				"east": {"uv": [0, 0, 16, 16], "texture": "#leaf", "cullface": "east"},
				"south": {"uv": [0, 0, 16, 16], "texture": "#leaf", "cullface": "south"},
				"west": {"uv": [0, 0, 16, 16], "texture": "#leaf", "cullface": "west"},
				"up": {"uv": [0, 0, 16, 16], "texture": "#leaf", "cullface": "up"},
				"down": {"uv": [16, 16, 0, 0], "texture": "#leaf", "cullface": "down"}
			}
		},
		{
			"from": [1.87707, -8, -6.78207],
			"to": [1.87707, 24, 25.21793],
			"rotation": {"angle": 22.5, "axis": "y", "origin": [1.87707, -8, -6.78207]},
			"faces": {
				"north": {"uv": [0, 0, 0, 0], "texture": "#bushy_bottom"},
				"east": {"uv": [16, 0, 0, 16], "texture": "#bushy_bottom"},
				"south": {"uv": [0, 0, 0, 0], "texture": "#bushy_bottom"},
				"west": {"uv": [16, 0, 0, 16], "texture": "#bushy_bottom"},
				"up": {"uv": [0, 0, 0, 0], "texture": "#bushy_bottom"},
				"down": {"uv": [0, 0, 0, 0], "texture": "#bushy_bottom"}
			}
		},
		{
			"from": [-9.21793, -8, 1.87707],
			"to": [22.78207, 24, 1.87707],
			"rotation": {"angle": 22.5, "axis": "y", "origin": [22.78207, -8, 1.87707]},
			"faces": {
				"north": {"uv": [16, 0, 0, 16], "texture": "#bushy_bottom"},
				"east": {"uv": [0, 0, 0, 0], "texture": "#bushy_bottom"},
				"south": {"uv": [16, 0, 0, 16], "texture": "#bushy_bottom"},
				"west": {"uv": [0, 0, 0, 0], "texture": "#bushy_bottom"},
				"up": {"uv": [0, 0, 0, 0], "texture": "#bushy_bottom"},
				"down": {"uv": [0, 0, 0, 0], "texture": "#bushy_bottom"}
			}
		},
		{
			"from": [-6.78207, -8, 1.87707],
			"to": [25.21793, 24, 1.87707],
			"rotation": {"angle": -22.5, "axis": "y", "origin": [-6.78207, -8, 1.87707]},
			"faces": {
				"north": {"uv": [16, 0, 0, 16], "texture": "#bushy_top"},
				"east": {"uv": [0, 0, 0, 0], "texture": "#bushy_top"},
				"south": {"uv": [16, 0, 0, 16], "texture": "#bushy_top"},
				"west": {"uv": [0, 0, 0, 0], "texture": "#bushy_top"},
				"up": {"uv": [0, 0, 0, 0], "texture": "#bushy_top"},
				"down": {"uv": [0, 0, 0, 0], "texture": "#bushy_top"}
			}
		},
		{
			"from": [14.12293, -8, -6.78207],
			"to": [14.12293, 24, 25.21793],
			"rotation": {"angle": -22.5, "axis": "y", "origin": [14.12293, -8, -6.78207]},
			"faces": {
				"north": {"uv": [0, 0, 0, 0], "texture": "#bushy_top"},
				"east": {"uv": [16, 0, 0, 16], "texture": "#bushy_top"},
				"south": {"uv": [0, 0, 0, 0], "texture": "#bushy_top"},
				"west": {"uv": [16, 0, 0, 16], "texture": "#bushy_top"},
				"up": {"uv": [0, 0, 0, 0], "texture": "#bushy_top"},
				"down": {"uv": [0, 0, 0, 0], "texture": "#bushy_top"}
			}
		},
		{
			"from": [2.34315, 0, 2.34315],
			"to": [2.34315, 16, 18.34315],
			"rotation": {"angle": 45, "axis": "y", "origin": [2.34315, 0, 2.34315]},
			"faces": {
				"north": {"uv": [0, 0, 0, 8], "texture": "#branch"},
				"east": {"uv": [0, 0, 16, 16], "texture": "#branch"},
				"south": {"uv": [0, 0, 0, 8], "texture": "#branch"},
				"west": {"uv": [0, 0, 16, 16], "texture": "#branch"},
				"up": {"uv": [0, 0, 0, 8], "texture": "#branch"},
				"down": {"uv": [0, 0, 0, 8], "texture": "#branch"}
			}
		},
		{
			"from": [13.65685, 0, 2.34315],
			"to": [13.65685, 16, 18.34315],
			"rotation": {"angle": -45, "axis": "y", "origin": [13.65685, 0, 2.34315]},
			"faces": {
				"north": {"uv": [0, 0, 0, 8], "texture": "#branch"},
				"east": {"uv": [16, 0, 0, 16], "texture": "#branch"},
				"south": {"uv": [0, 0, 0, 8], "texture": "#branch"},
				"west": {"uv": [16, 0, 0, 16], "texture": "#branch"},
				"up": {"uv": [0, 0, 0, 8], "texture": "#branch"},
				"down": {"uv": [0, 0, 0, 8], "texture": "#branch"}
			}
		}
	],
	"groups": [
		0,
		{
			"name": "cross_down",
			"origin": [22.78207, -8, 1.87707],
			"color": 0,
			"nbt": "{}",
			"armAnimationEnabled": false,
			"children": [1, 2]
		},
		{
			"name": "cross_up",
			"origin": [14.12293, -8, -6.78207],
			"color": 0,
			"nbt": "{}",
			"armAnimationEnabled": false,
			"children": [3, 4]
		},
		{
			"name": "crossbranch",
			"origin": [13.65685, 0, 2.34315],
			"color": 0,
			"nbt": "{}",
			"armAnimationEnabled": false,
			"children": [5, 6]
		}
	]
}